<?xml version="1.0" encoding="UTF-8"?>
<!DOCTYPE struts PUBLIC
	"-//Apache Software Foundation//DTD Struts Configuration 2.3//EN"
	"http://struts.apache.org/dtds/struts-2.3.dtd">
<struts>
	<package name="test" namespace="/test"
		extends="struts-default">
		<!-- 在有了Spring plugin 以后，action
		的class属性就可以使用Spring组件的ID了 -->
		<action name="hello" 
			class="helloAction">
			<result name="success">
				/WEB-INF/msg.jsp
			</result>
		</action> 
		<!-- 测试重定向 -->
		<action name="demo"
			class="demoAction">
			<result name="error" 
				type="redirectAction">
				hello
			</result>	
		</action>
		
		<action name="code"
			class="codeAction">
			<result name="success"
				type="stream">
   				<param name="contentType">
   				image/png</param>
   				<param name="inputName">
   				png</param>
			</result>
		</action>
	</package>
	
	<package name="jsondemo" 
		namespace="/json"
		extends="json-default">
		<action name="demo"
			class="jsonAction">
			<result name="success"
				type="json">
				<param name="root">value</param>
			</result>	
		</action>
	</package>	

</struts>








