<?xml version="1.0" encoding="UTF-8"?>
<beans xmlns="http://www.springframework.org/schema/beans"
	xmlns:xsi="http://www.w3.org/2001/XMLSchema-instance" xmlns:context="http://www.springframework.org/schema/context"
	xmlns:jdbc="http://www.springframework.org/schema/jdbc" xmlns:jee="http://www.springframework.org/schema/jee"
	xmlns:tx="http://www.springframework.org/schema/tx" xmlns:aop="http://www.springframework.org/schema/aop"
	xmlns:mvc="http://www.springframework.org/schema/mvc" xmlns:util="http://www.springframework.org/schema/util"
	xmlns:jpa="http://www.springframework.org/schema/data/jpa"
	xsi:schemaLocation="
		http://www.springframework.org/schema/beans http://www.springframework.org/schema/beans/spring-beans-3.2.xsd
		http://www.springframework.org/schema/context http://www.springframework.org/schema/context/spring-context-3.2.xsd
		http://www.springframework.org/schema/jdbc http://www.springframework.org/schema/jdbc/spring-jdbc-3.2.xsd
		http://www.springframework.org/schema/jee http://www.springframework.org/schema/jee/spring-jee-3.2.xsd
		http://www.springframework.org/schema/tx http://www.springframework.org/schema/tx/spring-tx-3.2.xsd
		http://www.springframework.org/schema/data/jpa http://www.springframework.org/schema/data/jpa/spring-jpa-1.3.xsd
		http://www.springframework.org/schema/aop http://www.springframework.org/schema/aop/spring-aop-3.2.xsd
		http://www.springframework.org/schema/mvc http://www.springframework.org/schema/mvc/spring-mvc-3.2.xsd
		http://www.springframework.org/schema/util http://www.springframework.org/schema/util/spring-util-3.2.xsd">
	<!-- 读db.properties文件 -->
	<util:properties id="jdbc" 
	location="classpath:db.properties"/>
	<!-- 配置DataSource -->
	<bean id="ds" 
	class="org.apache.commons.dbcp.BasicDataSource"       
       destroy-method="close">       
  <property name="driverClassName" 
  value="#{jdbc.driverclass}" />      
  <property name="url" 
  value="#{jdbc.url}" />      
  <property name="username" 
  value="#{jdbc.user}" />      
  <property name="password"
   value="#{jdbc.password}" />      
</bean>
<!-- 配置SqlSessionFactoryBean
	作用：
		为mybatis提供两个信息:
		a. 数据源
		b. 映射文件的位置
 -->
 <bean id="ssfb" 
 class="org.mybatis.spring.SqlSessionFactoryBean">
 	<property name="dataSource" ref="ds"/>
 	<!-- 映射文件的位置 -->
 	<property name="mapperLocations" 
 	value="classpath:entity/*.xml"/>
 </bean>
 <!-- 配置MapperScannerConfigurer
 	作用：
 	负责将mybatis生成的Mapper对象放到spring
 	容器里面。
 	Mapper对象是 SqlSession.getMapper()的
 	返回值，即Mapper接口的实现。
  -->
 <bean 
 class="org.mybatis.spring.mapper.MapperScannerConfigurer">
 	<!-- 指定Mapper接口所在的包 -->
 	<property name="basePackage" 
 	value="dao"/>
 	<!-- 只扫描带有特定注解的Mapper接口 -->
 	<property name="annotationClass" 
 	value="annotation.MyBatisRepository"/>
 </bean>
	
	
	
	
</beans>