<?xml version="1.0" encoding="UTF-8" ?>  
<!DOCTYPE configuration PUBLIC "-//ibatis.apache.org//DTD Config 3.0//EN" 
	"http://ibatis.apache.org/dtd/ibatis-3-config.dtd">
<configuration>
	<environments default="environment">
		<environment id="environment">
			<transactionManager type="JDBC" />
			<dataSource type="POOLED">
				<property name="driver" 
				value="com.mysql.jdbc.Driver" />
				<property name="url"
					value="jdbc:mysql://localhost:3306/cloud_note?useUnicode=true&amp;characterEncoding=utf8" />
				<property name="username" value="root" />
				<property name="password" value="123456" />
			</dataSource>
		</environment>
	</environments>
	<!-- 指定SQL映射文件的位置 -->
	<mappers>
		<mapper resource="mapper/NoteMapper.xml" />
	</mappers>
</configuration> 





