<?xml version="1.0" encoding="UTF-8" ?>
<!DOCTYPE struts PUBLIC
    "-//Apache Software Foundation//DTD Struts Configuration 2.1.7//EN"
    "http://struts.apache.org/dtds/struts-2.1.7.dtd">

<struts>
	<!-- 覆盖底层识别的action请求扩展名类型 -->
	<constant name="struts.action.extension" 
		value="do">
	</constant>
	<!-- 配置Action和Result -->
	<package name="demo3" namespace="/note"
		extends="struts-default">
		<!-- 笔记列表显示 -->
		<action name="list" 
		class="com.tedu.action.NoteListAction">
			<result name="success">
				/WEB-INF/note_list.jsp
			</result>	
			<result name="error">
				/WEB-INF/error.jsp
			</result>
		</action>
	</package>
	
	<package name="demo2" namespace="/user"
		extends="struts-default">
		<!-- 进入登录页面 -->
		<action name="tologin">
			<!-- name默认success;type默认dispatcher -->
			<result>
				/WEB-INF/login.jsp
			</result>
		</action>
		<!-- 登录按钮处理 -->
		<action name="login" 
			class="com.tedu.action.LoginAction">
			<result name="success">
				/WEB-INF/ok.jsp
			</result>
			<result name="error">
				/WEB-INF/login.jsp
			</result>
		</action>
	</package>
	
	<package name="demo1" namespace="/day01"
		extends="struts-default">
		<!-- name指定请求名;class指定Action类;
		 method指定Action处理请求的方法名,默认execute -->
		<action name="hello" 
			class="com.tedu.action.HelloAction">
			<!-- name需要与Action返回String保持一致;
			 type指定使用的result组件类型 -->
			<result name="success" type="dispatcher">
				/WEB-INF/hello.jsp
			</result>
		</action>
	</package>
</struts>



