<?xml version="1.0" encoding="UTF-8" ?>  
<!DOCTYPE mapper PUBLIC "-//ibatis.apache.org//DTD Mapper 3.0//EN"      
 "http://ibatis.apache.org/dtd/ibatis-3-mapper.dtd">
<mapper namespace="com.tedu.dao.UserDAO">
<!-- 返回Map结果 -->
	<select id="findName" parameterType="int"
		resultType="map">
	SELECT ID,NAME FROM user_czh
	WHERE ID=#{id}
	</select>

<!-- 按name字段值模糊查询 -->
	<select id="findLikeName" 
		parameterType="string"
		resultType="com.tedu.entity.User">
	SELECT * FROM user_czh
	WHERE NAME like #{name}
	</select>

<!-- sqlSession.delete执行 -->
	<delete id="deleteUser" parameterType="int">
	DELETE FROM user_czh
	WHERE ID=#{id}
	</delete>

<!-- sqlSession.update执行 -->
	<update id="updateUser" 
		parameterType="com.tedu.entity.User">
	UPDATE user_czh
	SET NAME=#{name},AGE=#{age}
	WHERE ID=#{id}
	</update>

<!-- sqlSession.insert执行 -->
	<insert id="saveUser" 
		parameterType="com.tedu.entity.User">
	INSERT INTO user_czh (ID,NAME,AGE) 
	VALUES (user_czh_seq.nextval,#{name},#{age})
	</insert>
<!-- sqlSession.selectList执行 -->
	<select id="findAll" 
		resultType="com.tedu.entity.User">
	SELECT * FROM user_czh
	</select>
<!-- sqlSession.selectOne执行 -->
	<select id="findById" parameterType="int"
		resultType="com.tedu.entity.User">
	SELECT * FROM user_czh
	WHERE id=#{id} 
	</select>
</mapper>