<?xml version="1.0" encoding="UTF-8"?>
<beans xmlns="http://www.springframework.org/schema/beans"
	xmlns:xsi="http://www.w3.org/2001/XMLSchema-instance" xmlns:context="http://www.springframework.org/schema/context"
	xmlns:jdbc="http://www.springframework.org/schema/jdbc" xmlns:jee="http://www.springframework.org/schema/jee"
	xmlns:tx="http://www.springframework.org/schema/tx" xmlns:aop="http://www.springframework.org/schema/aop"
	xmlns:mvc="http://www.springframework.org/schema/mvc" xmlns:util="http://www.springframework.org/schema/util"
	xmlns:jpa="http://www.springframework.org/schema/data/jpa"
	xsi:schemaLocation="
		http://www.springframework.org/schema/beans http://www.springframework.org/schema/beans/spring-beans-3.2.xsd
		http://www.springframework.org/schema/context http://www.springframework.org/schema/context/spring-context-3.2.xsd
		http://www.springframework.org/schema/jdbc http://www.springframework.org/schema/jdbc/spring-jdbc-3.2.xsd
		http://www.springframework.org/schema/jee http://www.springframework.org/schema/jee/spring-jee-3.2.xsd
		http://www.springframework.org/schema/tx http://www.springframework.org/schema/tx/spring-tx-3.2.xsd
		http://www.springframework.org/schema/data/jpa http://www.springframework.org/schema/data/jpa/spring-jpa-1.3.xsd
		http://www.springframework.org/schema/aop http://www.springframework.org/schema/aop/spring-aop-3.2.xsd
		http://www.springframework.org/schema/mvc http://www.springframework.org/schema/mvc/spring-mvc-3.2.xsd
		http://www.springframework.org/schema/util http://www.springframework.org/schema/util/spring-util-3.2.xsd">
	<!-- 配置组件扫描 -->
	<context:component-scan 
	base-package="com.tarena.oss"/>
	<!-- 配置mvc注解扫描 -->
	<mvc:annotation-driven/>
	<!-- 配置视图解析器 -->
	<bean 
		class="org.springframework.web.servlet.view.InternalResourceViewResolver">
		<property name="prefix" 
		value="/WEB-INF/"/>
		<property name="suffix" 
		value=".jsp"/>
	</bean>
	<util:properties id="jdbc" 
	location="classpath:db.properties"/>
	<!-- 配置DataSource -->
	<bean id="ds" 
	class="org.apache.commons.dbcp.BasicDataSource"       
       destroy-method="close">       
  <property name="driverClassName" 
  value="#{jdbc.driverclass}" />      
  <property name="url" 
  value="#{jdbc.url}" />      
  <property name="username" 
  value="#{jdbc.user}" />      
  <property name="password"
   value="#{jdbc.password}" />      
</bean>  
	
	
	
	
	
	
	
</beans>